NULL,201920,114836,1375657
ORAL,201819,107933,802055
INJ,201819,78967,688657
26643006,201920,71589,574836
47625008,201920,49140,528645
INTRA,201819,43094,367099
OTH,201819,55638,329499
NULL,201920,35520,288646
INTRAPRO,201819,21115,199280
34206005,201920,21753,189782
OTH,201920,13482,174268
ORAL,201920,18601,136820
INJ,201920,18359,130305
NULL,201819,15672,129069
SUB,201819,16664,124785
INTRA,201920,9312,88301
NULL,201819,16155,74624
2,201920,2360,66828
385218009,201920,6786,58377
INTRAPRO,201920,3999,45085
78421000,201920,5296,41313
SUB,201920,4823,39656
0,201819,6121,37508
0,201920,3567,27758
3594011000001100,201920,3620,26980
183027000,201920,3109,26578
3594011000001102,201920,5013,23522
OTHER,201920,1647,18061
3.59401E+15,201920,2623,13212
INTRAVENOUS,201920,1122,9151
INJECTION,201920,1048,9091
2,201819,1880,8574
418401004,201920,1784,7727
XXX,201920,675,6534
OTHER,201819,1379,5638
3.59E+15,201920,1350,5560
IV durin,201819,257,5371
Auto Injector Pen,201920,135,5297
3594010000000000,201920,989,5154
372471009,201920,1279,4867
9,201920,298,4718
18679011000001101,201920,668,4560
1,201819,658,4538
3,201920,162,4030
74964007,201920,1419,3944
372476004,201920,503,3548
Infusion,201920,134,3346
PROLONGED INTRAVENOUS,201920,478,2573
Prefilled Pen,201920,56,2491
733020007,201920,130,2147
4,201920,116,2140
PO (Duri,201819,30,1895
54485002,201920,883,1789
Tablets,201819,857,1771
Tablets,201920,57,1701
1,201920,87,1644
PO,201819,27,1465
Prefilled Syringe,201920,35,1438
INJECTION,201819,376,1433
",3594011000001102",201920,635,1395
72607000,201920,244,1365
18679011000001100,201920,180,1214
45890007,201920,419,976
#N/A,201920,207,944
16857009,201920,236,911
01,201819,316,797
9,201819,209,789
Intravitreal Injection,201819,140,735
DEL Charge,201819,154,700
-,201920,139,685
3,201819,96,645
Not administered,201819,68,534
(blank),201920,139,470
SUBCUTANEOUS,201920,30,441
3590000000000000,201920,106,433
4,201819,106,416
Subcutaneous Injection,201819,90,383
46713006,201920,164,382
bag,201819,67,364
02,201819,228,347
372464004,201920,102,341
37839007,201920,25,337
372468001,201920,62,319
90028008,201920,84,312
SYRINGE,201819,48,308
1.87E+16,201920,146,292
IV,201819,34,282
1.8679E+16,201920,68,275
6064005,201920,189,273
Intramuscular Injection,201920,16,256
34206006,201920,63,254
Capsules,201920,22,247
372454008,201920,14,229
5,201819,41,219
cap,201819,52,209
258798001,201920,NULL,206
INFUSION,201819,84,203
CAPSULES,201819,119,194
New Price 1920 applied,201920,70,190
INTRA/INTRAPRO,201819,58,189
Home TPN Service,201819,16,178
83027000,201920,83,172
" 60cm TUBING) (HOMECARE - LPCH)",201920,23,141
SODIUM CHLORIDE 0.9% BP,201819,17,140
18679000000000000,201920,24,138
Intravenous Infusion,201819,35,136
186790110000000,201920,37,128
UNIT,201819,30,128
Not Required,201920,19,114
INTRAMUSCULAR,201920,10,105
OUT,201819,31,104
1 Unit,201819,86,104
186790110000011,201920,41,97
tab,201819,23,94
372461007,201920,68,93
420254004,201920,30,91
Y,201920,43,90
18700000000000000,201920,33,88
DRUG DELIVERED VIA INJECTION,201819,73,87
Sub cut,201819,33,86
Containe,201819,31,86
Powder for Nebuliser Solution,201920,NULL,86
n/a,201819,81,81
Film coated Tablets,201819,28,70
dexamethasone,201819,44,69
N,201920,40,68
34777511000001106,201920,6,67
Tablet,201819,21,67
Injection Pen,201819,12,66
Vial,201819,12,66
#N/A,201819,31,60
1881530,201819,NULL,60
3594011000000000,201920,33,57
Ointment,201920,NULL,56
1767489,201819,NULL,54
47265008,201920,20,53
dexamethasone 2mg tablets,201819,38,52
1957054,201819,NULL,51
2349087,201819,NULL,51
372466002,201920,NULL,49
1882221,201819,NULL,46
Blank,201819,16,46
1941421,201819,NULL,45
INF,201819,14,45
Vial Pack,201819,12,44
Prolonged release tablets,201819,40,43
1900361,201819,NULL,42
05,201819,28,42
3000659,201819,NULL,42
Pre-filled Syringe,201819,20,42
1900272,201819,NULL,42
2225290,201819,NULL,41
1880159,201819,NULL,40
1900215,201819,NULL,40
1882048,201819,NULL,39
IV Infusion,201819,32,39
2257955,201819,NULL,39
PEN,201819,27,39
1831691,201819,NULL,39
1880127,201819,NULL,38
Solution,201920,7,38
1830219,201819,NULL,38
INTRATHECAL,201920,10,38
INTRAVESICAL,201920,8,37
1831734,201819,NULL,36
1880000,201819,NULL,36
1 TABLET,201819,10,36
2505247,201819,NULL,36
26643570,201920,23,35
2385320,201819,NULL,35
1881888,201819,NULL,35
Powder & Solvent for Injection,201920,NULL,35
1877638,201819,NULL,34
1724034,201819,NULL,34
1931265,201819,NULL,34
Intramuscular Inject,201920,16,33
ROUTE OF ADMINISTRATION NOT APPLICABLE,201920,NULL,32
3035436,201819,NULL,32
1829999,201819,NULL,32
1931268,201819,NULL,32
2751863,201819,NULL,31
1900457,201819,NULL,31
447120003,201920,25,31
1779077,201819,NULL,31
1885427,201819,NULL,30
mg,201819,11,30
1882224,201819,NULL,30
3051525,201819,NULL,30
db fluorouracil syringe,201819,11,29
1881736,201819,NULL,29
1881917,201819,NULL,29
1882176,201819,NULL,28
3.48E+16,201920,17,28
" Band 1",201920,27,27
NEW,201920,15,27
1880077,201819,NULL,27
2550692,201819,NULL,27
g,201819,9,27
3051506,201819,NULL,27
1941586,201819,NULL,27
1882203,201819,NULL,26
filgrastim 300mcg/0.5ml pf,201819,18,26
1794460,201819,NULL,26
DRUG ADMINISTERED ORALLY,201819,17,26
3288100,201819,NULL,25
2842788,201819,NULL,25
1808743,201819,NULL,24
1941591,201819,NULL,24
CRED,201819,13,23
Capsule,201819,11,22
3296384,201819,NULL,22
TTA,201819,8,22
1798694,201819,NULL,22
1900471,201819,NULL,21
1810388,201819,NULL,21
2905944,201819,NULL,20
372465003,201920,NULL,19
78421005,201920,10,19
trastuzumab SC injection 600mg,201819,13,19
trastuzumab SC injection $,201819,12,19
2599128,201819,NULL,18
34206020,201920,NULL,18
2801938,201819,NULL,18
Powder for Nebuliser,201920,7,18
1 VIAL 20ml,201819,NULL,18
385198000,201920,NULL,18
" oesophageal spasm and nutcracker oesophagus",201920,8,18
4 ml Vial,201819,10,17
bcg immunotherapy tice strain,201819,9,17
DRUG DELIVERED VIA OTHER MEANS,201819,13,17
2520029,201819,NULL,17
2316079,201819,NULL,17
1882214,201819,NULL,17
3491571,201819,NULL,17
POWDER FOR INJECTION,201819,NULL,17
filgrastim syringe,201819,13,16
1826561,201819,NULL,16
1424731,201819,NULL,16
1424707,201819,NULL,16
2348928,201819,NULL,16
2190734,201819,NULL,16
xtandi $ (homecare),201819,10,15
03,201819,10,15
2855668,201819,NULL,15
1 delivery,201819,6,15
2270398,201819,NULL,15
90 Tablets,201819,6,15
Blood,201819,12,15
3347468,201819,NULL,14
2476146,201819,NULL,14
4152444,201819,NULL,14
34206014,201920,NULL,14
db cyclophosphamide syringe,201819,8,14
34206022,201920,NULL,14
2677395,201819,NULL,14
2418856,201819,NULL,14
2855645,201819,NULL,14
4280856,201819,NULL,14
4 Pre-Filled Pen,201920,NULL,14
4124417,201819,NULL,14
2475926,201819,NULL,14
34206007,201920,NULL,13
1 Pre-Filled Syringe,201819,NULL,13
paclitaxel vented giving set 1,201819,10,13
3314211000001100,201920,9,13
1633251,201819,NULL,13
2547365,201819,NULL,13
1937349,201819,NULL,13
2291591,201819,NULL,13
2788809,201819,NULL,13
4 Injection Pen,201819,NULL,13
Film Coated Tabl,201819,7,13
2285665,201819,NULL,13
3271955,201819,NULL,13
1812587,201819,NULL,13
3234985,201819,NULL,13
2330357,201819,NULL,13
56 Tablets,201819,NULL,12
2520060,201819,NULL,12
2442912,201819,NULL,12
3890612,201819,NULL,12
2407305,201819,NULL,12
4282827,201819,NULL,12
PREFILLED SYRINGE,201819,10,12
2800638,201819,NULL,12
2525468,201819,NULL,12
2313874,201819,NULL,12
3068269,201819,NULL,12
2613743,201819,NULL,12
3839856,201819,NULL,12
3924765,201819,NULL,12
ENTERIC COATED TABLET,201819,NULL,12
1858949,201819,NULL,12
1971610,201819,NULL,12
capecitabine,201819,NULL,12
3772435,201819,NULL,12
34206013,201920,6,12
2405990,201819,NULL,12
2495288,201819,NULL,12
TRASTUZUMAB SUBCUTANEOUS INJECTION 600mg in 5ml,201819,NULL,12
2025918,201819,NULL,12
2238446,201819,NULL,12
1880235,201819,NULL,11
3486819,201819,NULL,11
chemo TRASTUZUMAB SC repeat 1,201819,7,11
3258511,201819,NULL,11
258948008,201920,NULL,11
2330264,201819,NULL,11
" 110cm TUBING) (HOMECARE - LPCH)",201920,NULL,11
2284103,201819,NULL,11
38239002,201920,NULL,11
2195682,201819,NULL,11
58100008,201920,6,11
INTRA - IV,201819,NULL,11
2053087,201819,NULL,11
3602892,201819,NULL,11
Film Coa,201819,NULL,11
37161004,201920,9,11
2496133,201819,NULL,11
1416286,201819,NULL,11
391057,201819,NULL,11
3223278,201819,NULL,11
34206119,201920,NULL,10
2980869,201819,NULL,10
3209307,201819,NULL,10
1 Vial Pack,201819,NULL,10
26643007,201920,7,10
2607393,201819,NULL,10
2174329,201819,NULL,10
2144177,201819,NULL,10
db carboplatin,201819,9,10
2025360,201819,NULL,10
2934491,201819,NULL,10
2800937,201819,NULL,10
3223340,201819,NULL,10
2913901,201819,NULL,10
5 x 100mg Vial Container,201819,NULL,10
2371235,201819,NULL,10
3192631,201819,NULL,10
34206198,201920,NULL,10
34206061,201920,NULL,10
2476025,201819,NULL,10
2855735,201819,NULL,10
1 CAPSULE,201819,NULL,10
2363975,201819,NULL,10
2451573,201819,NULL,10
2373367,201819,NULL,10
4543505,201819,NULL,10
2843654,201819,NULL,10
" 'MYCLIC' (HOMECARE)",201920,NULL,10
xolair,201819,NULL,10
2623106,201819,NULL,10
157896,201819,NULL,10
500 mg Vial,201819,NULL,10
chemo IRINOTECAN/MdG,201819,6,10
2022617,201819,NULL,10
11,201819,10,10
3251985,201819,NULL,10
34206023,201920,NULL,10
34206197,201920,NULL,10
1971582,201819,NULL,10
3165416,201819,NULL,10
2442864,201819,NULL,10
34206221,201920,NULL,10
2912162,201819,NULL,9
2025689,201819,NULL,9
SUB or INTRA/INTRAPRO,201819,NULL,9
hydroxycarbamide 500mg,201819,8,9
3055134,201819,NULL,9
2061535,201819,NULL,9
2023282,201819,NULL,9
db epirubicin syringe,201819,NULL,9
2174349,201819,NULL,9
2406060,201819,NULL,9
BLOOD PRODUCT,201920,NULL,9
34206008,201920,6,9
2390424,201819,NULL,9
3322772,201819,NULL,9
2173534,201819,NULL,9
2955399,201819,NULL,9
3218415,201819,NULL,9
x 15ml Vial,201819,NULL,9
2144212,201819,NULL,9
3635751,201819,NULL,9
2406039,201819,NULL,9
2980814,201819,NULL,9
3243953,201819,NULL,9
2279740,201819,NULL,9
3791553,201819,NULL,9
34206012,201920,NULL,9
34206009,201920,NULL,9
2423129,201819,NULL,9
3055331,201819,NULL,9
3165655,201819,NULL,9
2 Units,201920,7,9
3688686,201819,NULL,9
2627647,201819,NULL,9
2025734,201819,NULL,9
1993536,201819,NULL,9
34206025,201920,NULL,9
3000244,201819,NULL,9
3129629,201819,NULL,9
" hemofacial spasm",201920,6,9
3314211000001106,201920,6,9
3874782,201819,NULL,9
2255398,201819,NULL,9
2647513,201819,NULL,9
3363709,201819,NULL,8
3322760,201819,NULL,8
1 x 1 Vial Pack,201819,NULL,8
2121062,201819,NULL,8
3165315,201819,NULL,8
3209270,201819,NULL,8
3322763,201819,NULL,8
2330192,201819,NULL,8
1677838,201819,NULL,8
2055947,201819,NULL,8
injection soluti,201819,NULL,8
4398633,201819,NULL,8
3496681,201819,NULL,8
2628434,201819,NULL,8
2525673,201819,NULL,8
Pre-filled Syrin,201819,NULL,8
34022811000'001100,201920,NULL,8
SOLUTION FOR INFUSION,201819,NULL,8
2795090,201819,NULL,8
Solution,201819,NULL,8
2933974,201819,NULL,8
2930984,201819,NULL,8
2375956,201819,NULL,8
34206026,201920,NULL,8
188628,201819,NULL,8
chemo TRASTUZUMAB SC repeat 3,201819,NULL,8
INTRALESIONAL,201920,NULL,8
3055414,201819,NULL,8
3 Capsule Pack,201819,6,8
34206015,201920,NULL,8
C9627,201819,7,8
1965447,201819,NULL,8
34206021,201920,NULL,8
2768162,201819,NULL,8
2963944,201819,NULL,8
3379191,201819,NULL,8
3337144,201819,NULL,8
2895130,201819,NULL,8
rituximab $ truxima [375db],201819,NULL,8
2953184,201819,NULL,8
2773360,201819,NULL,8
3130450,201819,NULL,8
3218788,201819,NULL,8
2555454,201819,NULL,8
2980728,201819,NULL,8
2955363,201819,NULL,8
2733034,201819,NULL,8
3415258,201819,NULL,8
3348827,201819,NULL,7
bortezomib SC $[1.3db],201819,NULL,7
3065228,201819,NULL,7
2 Units,201819,NULL,7
nivolumab $ opdivo [3db],201819,NULL,7
3164933,201819,NULL,7
2520170,201819,NULL,7
3617099,201819,NULL,7
3309947,201819,NULL,7
3322819,201819,NULL,7
INP,201819,NULL,7
3415241,201819,NULL,7
chemo TRASTUZUMAB SC C2+,201819,6,7
21 Capsule Container,201819,7,7
Powder for oral solution,201819,NULL,7
Oral Suspension,201819,NULL,7
2963934,201819,NULL,7
3.29E+16,201920,NULL,7
3410725,201819,NULL,7
3381309,201819,NULL,7
2714004,201819,NULL,7
2025715,201819,NULL,7
62226000,201920,NULL,7
2733079,201819,NULL,7
3399404,201819,NULL,7
2963971,201819,NULL,7
3365304,201819,NULL,7
2800500,201819,NULL,7
omalizumab 150mg/1ml syringe -,201819,NULL,7
3076343,201819,NULL,7
INTRA - IV,201920,NULL,7
3367544,201819,NULL,7
2520137,201819,NULL,7
3322807,201819,NULL,7
2614214,201819,NULL,7
db irinotecan,201819,NULL,7
3417240,201819,NULL,7
3284256,201819,NULL,7
3415246,201819,NULL,7
3349097,201819,NULL,7
10334211000001103,201920,NULL,7
3367559,201819,NULL,7
Intravitreal Implant,201819,NULL,7
3415255,201819,NULL,7
3415262,201819,NULL,7
CASSETTE,201819,7,7
3348882,201819,NULL,7
3348975,201819,NULL,7
3192655,201819,NULL,7
3322804,201819,NULL,7
3309874,201819,NULL,7
3071101,201819,NULL,7
DRUG DELIVERED VIA PROLONGED INTRAVENOUS,201819,NULL,7
10691811000001100,201920,NULL,7
votrient,201819,NULL,7
3407942,201819,NULL,7
3663887,201819,NULL,6
1982944,201819,NULL,6
3504188,201819,NULL,6
navelbine,201819,NULL,6
palivizumab $ injection,201819,NULL,6
2370693,201819,NULL,6
3365333,201819,NULL,6
chemo IRINOTECAN/MdG 1 regimen,201819,NULL,6
34206389,201920,NULL,6
34206077,201920,NULL,6
2607332,201819,NULL,6
34206010,201920,NULL,6
chemo TRASTUZUMAB SC repeat 2,201819,NULL,6
3493141,201819,NULL,6
db fluorouracil 50mg/2ml,201819,NULL,6
3378051,201819,NULL,6
2025609,201819,NULL,6
3791492,201819,NULL,6
3584606,201819,NULL,6
2475999,201819,NULL,6
NILOTINIB CAPSULES 200mg,201819,NULL,6
2442996,201819,NULL,6
3415266,201819,NULL,6
Aseptic Fee,201920,NULL,6
db fluorouracil 200mg/8ml,201819,NULL,6
4349461,201819,NULL,6
3235609,201819,NULL,6
1877695,201819,NULL,6
3168741,201819,NULL,6
3601049,201819,NULL,6
3417276,201819,NULL,6
2365143,201819,NULL,6
3116895,201819,NULL,6
34206024,201920,NULL,6
2889272,201819,NULL,6
3613372,201819,NULL,6
14 ml Vial,201819,NULL,6
3076377,201819,NULL,6
2475943,201819,NULL,6
3496876,201819,NULL,6
3663837,201819,NULL,6
3613369,201819,NULL,6
3081693,201819,NULL,6
3322822,201819,NULL,6
4306565,201819,NULL,6
month,201819,NULL,6
2594790,201819,NULL,6
2228520,201819,NULL,6
3240964,201819,NULL,6
3754238,201819,NULL,6
privigen,201819,NULL,6
3322745,201819,NULL,6
3002106,201819,NULL,6
3602961,201819,NULL,6
3449126,201819,NULL,6
db fluorouracil 500mg/20ml,201819,NULL,6
1000,201920,NULL,6
16 ml Vial,201819,NULL,6
DEV18,201819,NULL,6
2979867,201819,NULL,6
3955636,201819,NULL,6
1900509,201819,NULL,6
190 mg Vial,201819,NULL,6
34206084,201920,NULL,6
2642694,201819,NULL,6
2186336,201819,NULL,6
3349021,201819,NULL,6
3410722,201819,NULL,6
4261433,201819,NULL,NULL
26643185,201920,NULL,NULL
26643180,201920,NULL,NULL
26643313,201920,NULL,NULL
26643363,201920,NULL,NULL
26643199,201920,NULL,NULL
26643173,201920,NULL,NULL
4189656,201819,NULL,NULL
26643448,201920,NULL,NULL
2769285,201819,NULL,NULL
3918590,201819,NULL,NULL
26643424,201920,NULL,NULL
4249564,201819,NULL,NULL
170481,201819,NULL,NULL
4 x 1 Vial Pack,201819,NULL,NULL
chlorambucil,201819,NULL,NULL
1.55 Unit,201819,NULL,NULL
3924422,201819,NULL,NULL
3909090,201819,NULL,NULL
30 Unit,201819,NULL,NULL
26643230,201920,NULL,NULL
3417202,201819,NULL,NULL
2028823,201920,NULL,NULL
4526951,201819,NULL,NULL
rituximab $ (truxima),201819,NULL,NULL
2442948,201819,NULL,NULL
34206170,201920,NULL,NULL
26643216,201920,NULL,NULL
3079759,201819,NULL,NULL
34206104,201920,NULL,NULL
azacitidine 25 mg/1 ml injecti,201819,NULL,NULL
34206030,201920,NULL,NULL
3116758,201819,NULL,NULL
paclitaxel 6 mg/ml injection,201819,NULL,NULL
4487813,201819,NULL,NULL
26643197,201920,NULL,NULL
478815,201819,NULL,NULL
10 Unit,201819,NULL,NULL
84 Tablet Container,201819,NULL,NULL
4121648,201819,NULL,NULL
26643315,201920,NULL,NULL
2770409,201920,NULL,NULL
26643404,201920,NULL,NULL
26643029,201920,NULL,NULL
0.7mg,201819,NULL,NULL
16 hrs 15 min,201819,NULL,NULL
2219536,201819,NULL,NULL
Cryoprecipitate,201819,NULL,NULL
372471019,201920,NULL,NULL
26643355,201920,NULL,NULL
2858714,201819,NULL,NULL
26643032,201920,NULL,NULL
2689703,201819,NULL,NULL
1965446,201819,NULL,NULL
capecitabine 500mg tablets -,201819,NULL,NULL
26643327,201920,NULL,NULL
26643302,201920,NULL,NULL
26643384,201920,NULL,NULL
DEXAMETHASONE SOLUBLE TABLETS 2mg,201819,NULL,NULL
chemo CARBOPLATIN ovarian 1 re,201819,NULL,NULL
2493280,201920,NULL,NULL
Injectio,201819,NULL,NULL
26643312,201920,NULL,NULL
258666001,201920,NULL,NULL
1880099,201819,NULL,NULL
1219399,201819,NULL,NULL
26643437,201920,NULL,NULL
paclitaxel [80db],201819,NULL,NULL
2607420,201819,NULL,NULL
26643272,201920,NULL,NULL
26643352,201920,NULL,NULL
26643353,201920,NULL,NULL
db docetaxel 132 mg/250 ml inf,201819,NULL,NULL
34206225,201920,NULL,NULL
26643028,201920,NULL,NULL
8 Pre-filled Syringe,201819,NULL,NULL
1508455,201819,NULL,NULL
2291348,201920,NULL,NULL
3390257,201819,NULL,NULL
26643010,201920,NULL,NULL
4571720,201819,NULL,NULL
34206052,201920,NULL,NULL
obinutuzumab,201819,NULL,NULL
3270709,201819,NULL,NULL
vinorelbine 20mg capsules -,201819,NULL,NULL
etoposide 100 mg capsules,201819,NULL,NULL
26643431,201920,NULL,NULL
chemo Docetaxel adj/neoadj 100,201819,NULL,NULL
26643300,201920,NULL,NULL
4178930,201819,NULL,NULL
2648998,201920,NULL,NULL
4223560,201819,NULL,NULL
enzalutamide 40 mg capsules,201819,NULL,NULL
4250656,201819,NULL,NULL
Infuser (filled),201819,NULL,NULL
4146638,201819,NULL,NULL
db fluorouracil 1000mg/40ml,201819,NULL,NULL
3321848,201819,NULL,NULL
26643177,201920,NULL,NULL
4515258,201819,NULL,NULL
26643262,201920,NULL,NULL
3284222,201819,NULL,NULL
26643163,201920,NULL,NULL
Liquid,201819,NULL,NULL
1 Injection,201920,NULL,NULL
26643229,201920,NULL,NULL
26643434,201920,NULL,NULL
2114,201819,NULL,NULL
26643198,201920,NULL,NULL
372471022,201920,NULL,NULL
15,201819,NULL,NULL
abiraterone $ (homecare),201819,NULL,NULL
3910241,201819,NULL,NULL
1 BAG 162mg,201819,NULL,NULL
2176908,201819,NULL,NULL
3442228,201819,NULL,NULL
26643015,201920,NULL,NULL
2144150,201819,NULL,NULL
INJECTIO,201920,NULL,NULL
26643170,201920,NULL,NULL
4517971,201819,NULL,NULL
26643304,201920,NULL,NULL
26643263,201920,NULL,NULL
2335436,201819,NULL,NULL
db docetaxel,201819,NULL,NULL
3081964,201819,NULL,NULL
3430395,201819,NULL,NULL
26643269,201920,NULL,NULL
db irinotecan 280 mg/250 ml,201819,NULL,NULL
2124021,201819,NULL,NULL
4555061,201819,NULL,NULL
26643291,201920,NULL,NULL
3806395,201819,NULL,NULL
26643360,201920,NULL,NULL
26643326,201920,NULL,NULL
chemo Pembro/Pemetr/Carbo,201819,NULL,NULL
26643225,201920,NULL,NULL
2609444,201819,NULL,NULL
3322754,201819,NULL,NULL
Powder,201819,NULL,NULL
10 ml Vial,201819,NULL,NULL
CAPECITABINE TABLETS 150mg,201819,NULL,NULL
trastuzumab [8db] (ontruzant),201819,NULL,NULL
4338090,201819,NULL,NULL
3874817,201819,NULL,NULL
4121094,201819,NULL,NULL
2738155,201819,NULL,NULL
3496773,201819,NULL,NULL
3189270,201819,NULL,NULL
26643188,201920,NULL,NULL
2192132,201819,NULL,NULL
26643409,201920,NULL,NULL
SOLUTION FOR INJECTION,201819,NULL,NULL
14 Unit,201819,NULL,NULL
26643445,201920,NULL,NULL
26643316,201920,NULL,NULL
3601703,201920,NULL,NULL
db carboplatin 450 mg/500 ml i,201819,NULL,NULL
db irinotecan 320mg in 250ml,201819,NULL,NULL
capecitabine 150mg tablets -,201819,NULL,NULL
26643463,201920,NULL,NULL
4488531,201819,NULL,NULL
3402900,201819,NULL,NULL
4376603,201819,NULL,NULL
4120523,201819,NULL,NULL
4239516,201819,NULL,NULL
26643271,201920,NULL,NULL
Powder,201920,NULL,NULL
chemo CARBOPLATIN ovarian,201819,NULL,NULL
4397098,201819,NULL,NULL
CAPECITABINE TABLETS 500mg,201819,NULL,NULL
47625025,201920,NULL,NULL
2740604,201819,NULL,NULL
2406188,201819,NULL,NULL
3233935,201819,NULL,NULL
26643196,201920,NULL,NULL
3784623,201819,NULL,NULL
3002724,201819,NULL,NULL
4257007,201819,NULL,NULL
4146616,201819,NULL,NULL
"rituximab 1,000mg/250ml -",201819,NULL,NULL
3309350,201819,NULL,NULL
chemo BORT WKLY sc/THAL/DEX C1,201819,NULL,NULL
4362527,201819,NULL,NULL
26643186,201920,NULL,NULL
3003490,201819,NULL,NULL
26643246,201920,NULL,NULL
2803347,201920,NULL,NULL
8 Pre-Filled Pen,201920,NULL,NULL
chemo DOCETAXEL prostate 1 reg,201819,NULL,NULL
1 BAG 500mg,201819,NULL,NULL
3884605,201819,NULL,NULL
30,201819,NULL,NULL
4065071,201819,NULL,NULL
26643429,201920,NULL,NULL
155 Units,201819,NULL,NULL
3349005,201819,NULL,NULL
26643364,201920,NULL,NULL
DRUG DELIVERED SUBCUTANEOUSLY,201819,NULL,NULL
3652611,201819,NULL,NULL
2486944,201920,NULL,NULL
db fluorouracil infusor,201819,NULL,NULL
1370285,201819,NULL,NULL
2436006,201920,NULL,NULL
3398760,201819,NULL,NULL
26643030,201920,NULL,NULL
4452345,201819,NULL,NULL
INF,201920,NULL,NULL
1 Unit,201920,NULL,NULL
2197533,201819,NULL,NULL
34206018,201920,NULL,NULL
chemo R-CHOP C1-6,201819,NULL,NULL
4136139,201819,NULL,NULL
SOMATROPIN (OMNITROPE SUREPAL) (HOMECARE),201920,NULL,NULL
2965904,201819,NULL,NULL
4489743,201819,NULL,NULL
47625018,201920,NULL,NULL
2934516,201819,NULL,NULL
1565.66,201819,NULL,NULL
34206176,201920,NULL,NULL
db gemcitabine,201819,NULL,NULL
3452327,201819,NULL,NULL
chemo FEC 100 1 regimen dose,201819,NULL,NULL
3663785,201819,NULL,NULL
4456136,201819,NULL,NULL
CLINIC,201819,NULL,NULL
26643408,201920,NULL,NULL
3720804,201819,NULL,NULL
26643387,201920,NULL,NULL
3472278,201819,NULL,NULL
4261819,201819,NULL,NULL
paclitaxel [80] 6 mg/ml inject,201819,NULL,NULL
26643301,201920,NULL,NULL
30 Tablets,201819,NULL,NULL
26643371,201920,NULL,NULL
409122,201819,NULL,NULL
1.8 Unit,201920,NULL,NULL
47625011,201920,NULL,NULL
600mg,201920,NULL,NULL
4159958,201819,NULL,NULL
3088244,201819,NULL,NULL
26643286,201920,NULL,NULL
26643147,201920,NULL,NULL
26643168,201920,NULL,NULL
34206039,201920,NULL,NULL
26643238,201920,NULL,NULL
3511357,201819,NULL,NULL
Vial with Solvent,201819,NULL,NULL
3791904,201819,NULL,NULL
3192560,201819,NULL,NULL
24 ml Vial,201819,NULL,NULL
1 Vial 10 ml,201819,NULL,NULL
4510993,201819,NULL,NULL
3367478,201819,NULL,NULL
0.9 Unit,201819,NULL,NULL
26643161,201920,NULL,NULL
3589307,201819,NULL,NULL
1930830,201819,NULL,NULL
chemo RITUX (SC) Maint 2 Mthly,201819,NULL,NULL
1 PRE-FILLED BAG,201819,NULL,NULL
4011470,201819,NULL,NULL
4134131,201819,NULL,NULL
26643184,201920,NULL,NULL
3 Units,201819,NULL,NULL
26643334,201920,NULL,NULL
4380427,201819,NULL,NULL
26643468,201920,NULL,NULL
3129011,201819,NULL,NULL
26643243,201920,NULL,NULL
26643022,201920,NULL,NULL
4362742,201819,NULL,NULL
34206106,201920,NULL,NULL
26643245,201920,NULL,NULL
56 Capsule Container,201819,NULL,NULL
db carboplatin 560mg/500ml,201819,NULL,NULL
26643242,201920,NULL,NULL
26643368,201920,NULL,NULL
2472446,201819,NULL,NULL
40MG,201920,NULL,NULL
26643385,201920,NULL,NULL
3129872,201819,NULL,NULL
26643261,201920,NULL,NULL
3792195,201819,NULL,NULL
chemo R-BENDAMUSTINE C2+ D2 1,201819,NULL,NULL
3146211,201819,NULL,NULL
34206115,201920,NULL,NULL
34206027,201920,NULL,NULL
2852580,201920,NULL,NULL
26643452,201920,NULL,NULL
1350915,201819,NULL,NULL
3503883,201819,NULL,NULL
26643328,201920,NULL,NULL
3815227,201819,NULL,NULL
4358580,201819,NULL,NULL
4417868,201819,NULL,NULL
4014457,201819,NULL,NULL
3727030,201819,NULL,NULL
cyclophosphamide 1000mg/50ml,201819,NULL,NULL
3529904,201819,NULL,NULL
3496845,201819,NULL,NULL
47625017,201920,NULL,NULL
2859496,201819,NULL,NULL
34206392,201920,NULL,NULL
4439273,201819,NULL,NULL
PROPHYLAXIS,201819,NULL,NULL
3876938,201819,NULL,NULL
4487787,201819,NULL,NULL
4097367,201819,NULL,NULL
4042380,201819,NULL,NULL
2781139,201920,NULL,NULL
34206295,201920,NULL,NULL
lenalidomide (FREE STOCK),201819,NULL,NULL
4105124,201819,NULL,NULL
chemo CAPECITABINE high dose 1,201819,NULL,NULL
x 105 microgram,201819,NULL,NULL
12,201819,NULL,NULL
4186811,201819,NULL,NULL
26643283,201920,NULL,NULL
577759,201819,NULL,NULL
infliximab 650mg/500ml,201819,NULL,NULL
db oxaliplatin in glucose 5%,201819,NULL,NULL
2769565,201920,NULL,NULL
3848271,201819,NULL,NULL
etoposide,201819,NULL,NULL
3322825,201819,NULL,NULL
26643299,201920,NULL,NULL
4376646,201819,NULL,NULL
26643465,201920,NULL,NULL
2918412,201819,NULL,NULL
4078380,201819,NULL,NULL
3160993,201819,NULL,NULL
chemo pert/trast IV/doc maint,201819,NULL,NULL
26643247,201920,NULL,NULL
db carboplatin 400mg/500ml,201819,NULL,NULL
26643425,201920,NULL,NULL
26643411,201920,NULL,NULL
4362613,201819,NULL,NULL
26643365,201920,NULL,NULL
26643457,201920,NULL,NULL
3146322,201819,NULL,NULL
melphalan,201819,NULL,NULL
chemo FEC 75 1 regimen dose,201819,NULL,NULL
60 Tablets,201819,NULL,NULL
4449160,201819,NULL,NULL
3596959,201819,NULL,NULL
26643375,201920,NULL,NULL
30 Enteric Coated Tablets,201819,NULL,NULL
2 injections,201819,NULL,NULL
thalidomide,201819,NULL,NULL
3812439,201819,NULL,NULL
1 SYRINGE 2mg,201819,NULL,NULL
3 x 30 Capsule Pack,201819,NULL,NULL
chemo pemetrexid maint NSCLC 1,201819,NULL,NULL
1994224,201819,NULL,NULL
3363616,201819,NULL,NULL
adalimumab pen *homecare* 40mg,201819,NULL,NULL
47625010,201920,NULL,NULL
47625012,201920,NULL,NULL
3897121,201819,NULL,NULL
2607521,201920,NULL,NULL
4043607,201819,NULL,NULL
Unknown,201819,NULL,NULL
3410719,201819,NULL,NULL
cisplatin [35db] 50 mg/50 ml i,201819,NULL,NULL
db epirubicin syringe 20mg,201819,NULL,NULL
Infusion***,201920,NULL,NULL
3867518,201819,NULL,NULL
imatinib 400mg tablets -,201819,NULL,NULL
26643421,201920,NULL,NULL
4215394,201819,NULL,NULL
2957394,201819,NULL,NULL
3807925,201819,NULL,NULL
1971577,201819,NULL,NULL
3388187,201819,NULL,NULL
vinblastine (6) 10 mg/10 ml in,201819,NULL,NULL
3559737,201819,NULL,NULL
0.9 Unit,201920,NULL,NULL
26643220,201920,NULL,NULL
3197811,201819,NULL,NULL
3128289,201819,NULL,NULL
4171389,201819,NULL,NULL
7,201819,NULL,NULL
34206112,201920,NULL,NULL
Pre-Filled Pen,201819,NULL,NULL
26643260,201920,NULL,NULL
47625030,201920,NULL,NULL
26643041,201920,NULL,NULL
3920548,201819,NULL,NULL
4487756,201819,NULL,NULL
3493125,201819,NULL,NULL
3897061,201819,NULL,NULL
4362927,201819,NULL,NULL
chemo Obinutuzum+Chlora C2-6 r,201819,NULL,NULL
2035466,201819,NULL,NULL
3309914,201819,NULL,NULL
26643466,201920,NULL,NULL
chemo VMP sc Lite Repeats,201819,NULL,NULL
chemo VINORELBINE PO/CARB D1,201819,NULL,NULL
26643151,201920,NULL,NULL
3177275,201819,NULL,NULL
paclitaxel [175db],201819,NULL,NULL
1652981,201819,NULL,NULL
4282403,201819,NULL,NULL
3846423,201819,NULL,NULL
26643172,201920,NULL,NULL
531345,201819,NULL,NULL
3176160,201819,NULL,NULL
2714016,201819,NULL,NULL
4480026,201819,NULL,NULL
2846956,201920,NULL,NULL
26643420,201920,NULL,NULL
34206123,201920,NULL,NULL
4018735,201819,NULL,NULL
db docetaxel 180mg/250ml,201819,NULL,NULL
2807982,201819,NULL,NULL
chemo Obinutuzum+Chlora C2+D15,201819,NULL,NULL
4249974,201819,NULL,NULL
415818006,201920,NULL,NULL
40,201920,NULL,NULL
2487116,201819,NULL,NULL
4014056,201819,NULL,NULL
2326751,201920,NULL,NULL
4570232,201819,NULL,NULL
26643321,201920,NULL,NULL
26643410,201920,NULL,NULL
Sachets,201819,NULL,NULL
Subcutaneous,201819,NULL,NULL
26643407,201920,NULL,NULL
26643449,201920,NULL,NULL
34206019,201920,NULL,NULL
chemo R-BENDAMUSTINE C2+ NHL,201819,NULL,NULL
47625021,201920,NULL,NULL
2360158,201819,NULL,NULL
4309278,201819,NULL,NULL
26643267,201920,NULL,NULL
3146233,201819,NULL,NULL
3348556,201819,NULL,NULL
2966770,201819,NULL,NULL
db vincristine infusion,201819,NULL,NULL
2682434,201920,NULL,NULL
26643412,201920,NULL,NULL
26643318,201920,NULL,NULL
26643171,201920,NULL,NULL
26643026,201920,NULL,NULL
3129391,201819,NULL,NULL
"FILGRASTIM [ACCOFIL] PREFILLED SYRINGE 30 MILLION ",201819,NULL,NULL
26643239,201920,NULL,NULL
3 Units,201920,NULL,NULL
26643346,201920,NULL,NULL
26643330,201920,NULL,NULL
4274695,201819,NULL,NULL
26643399,201920,NULL,NULL
47625031,201920,NULL,NULL
34206195,201920,NULL,NULL
1 VIAL,201819,NULL,NULL
1870570,201819,NULL,NULL
26643204,201920,NULL,NULL
2832041,201920,NULL,NULL
26643336,201920,NULL,NULL
34206258,201920,NULL,NULL
1882220,201819,NULL,NULL
2 Pre-filled Syringe,201819,NULL,NULL
chemo AZACITIDINE MDS 1 regime,201819,NULL,NULL
db carboplatin 500mg/500ml,201819,NULL,NULL
372471015,201920,NULL,NULL
3235185,201920,NULL,NULL
3917988,201819,NULL,NULL
4569973,201819,NULL,NULL
2155001,201819,NULL,NULL
1 SYRINGE 1.45mg,201819,NULL,NULL
2 Unit,201819,NULL,NULL
26643150,201920,NULL,NULL
3348601,201819,NULL,NULL
2899299,201819,NULL,NULL
19 Unit,201819,NULL,NULL
26643045,201920,NULL,NULL
3388737,201819,NULL,NULL
26643270,201920,NULL,NULL
db docetaxel 164 mg/250 ml inf,201819,NULL,NULL
4512709,201819,NULL,NULL
26643012,201920,NULL,NULL
4510095,201819,NULL,NULL
47625016,201920,NULL,NULL
258685003,201920,NULL,NULL
34206071,201920,NULL,NULL
pertuzumab $,201819,NULL,NULL
4032681,201819,NULL,NULL
4248327,201819,NULL,NULL
04,201819,NULL,NULL
db docetaxel 148 mg/250 ml inf,201819,NULL,NULL
chemo Obinutuzum+Chlora C2-6,201819,NULL,NULL
26643433,201920,NULL,NULL
3504170,201819,NULL,NULL
pazopanib 400mg tablets -,201819,NULL,NULL
4570024,201819,NULL,NULL
3962043,201819,NULL,NULL
2953064,201819,NULL,NULL
6 Unit,201819,NULL,NULL
gemcitabine [1200] 38 mg/ml in,201819,NULL,NULL
2158067,201920,NULL,NULL
26643227,201920,NULL,NULL
3276803,201819,NULL,NULL
chemo TRASTUZUMAB SC C2+ 1 reg,201819,NULL,NULL
26643249,201920,NULL,NULL
x Pre-filled Pen,201819,NULL,NULL
4556194,201819,NULL,NULL
4014408,201819,NULL,NULL
3502513,201920,NULL,NULL
trifluridine/tipiraci $15/6.14,201819,NULL,NULL
chemo GEM/FRAC-CIS D8,201819,NULL,NULL
26643470,201920,NULL,NULL
3941507,201819,NULL,NULL
14,201819,NULL,NULL
3909443,201819,NULL,NULL
1487226,201819,NULL,NULL
26643251,201920,NULL,NULL
30 Tablet Box,201819,NULL,NULL
3095611,201819,NULL,NULL
43,201819,NULL,NULL
Gastro-Resistant Tab,201920,NULL,NULL
1335016,201819,NULL,NULL
8,201819,NULL,NULL
26643013,201920,NULL,NULL
4509569,201819,NULL,NULL
34206257,201920,NULL,NULL
26643156,201920,NULL,NULL
26643193,201920,NULL,NULL
Infuser(filled),201819,NULL,NULL
rituximab sc 1400mg/11.7ml,201819,NULL,NULL
4446774,201819,NULL,NULL
26643456,201920,NULL,NULL
120 Tablets,201819,NULL,NULL
26643379,201920,NULL,NULL
26643338,201920,NULL,NULL
4282326,201819,NULL,NULL
3433657,201819,NULL,NULL
26643450,201920,NULL,NULL
Disposable Pen,201819,NULL,NULL
3040637,201819,NULL,NULL
3840532,201819,NULL,NULL
34206192,201920,NULL,NULL
3445268,201920,NULL,NULL
azacitidine [75] 25 mg/ml inje,201819,NULL,NULL
2154938,201819,NULL,NULL
chemo DOCETAXEL 1 regimen dose,201819,NULL,NULL
3840517,201819,NULL,NULL
168 Tablets,201819,NULL,NULL
chemo Pembrolizumab/Pemetrexed,201819,NULL,NULL
2220909,201819,NULL,NULL
pembrolizumab $ [2db],201819,NULL,NULL
34206140,201920,NULL,NULL
off,201819,NULL,NULL
3759953,201819,NULL,NULL
4215247,201819,NULL,NULL
26643386,201920,NULL,NULL
procarbazine 50mg capsules,201819,NULL,NULL
26643432,201920,NULL,NULL
3909187,201819,NULL,NULL
3058440,201920,NULL,NULL
26643443,201920,NULL,NULL
34206028,201920,NULL,NULL
4 Pre-filled Syringe,201819,NULL,NULL
chemo Cabazitaxel 1 regimen do,201819,NULL,NULL
2197617,201819,NULL,NULL
1 BAG 500ml,201819,NULL,NULL
2290900,201819,NULL,NULL
1NTRA,201819,NULL,NULL
4123424,201819,NULL,NULL
26643248,201920,NULL,NULL
3170201,201819,NULL,NULL
4244066,201819,NULL,NULL
26643418,201920,NULL,NULL
2802330,201920,NULL,NULL
4349655,201819,NULL,NULL
26643361,201920,NULL,NULL
adalimumab $ (humira) pen*HC*,201819,NULL,NULL
3814607,201819,NULL,NULL
trastuzumab [6db] (ontruzant),201819,NULL,NULL
2238287,201819,NULL,NULL
26643149,201920,NULL,NULL
docetaxel 20 mg/1 ml injection,201819,NULL,NULL
3348907,201819,NULL,NULL
26643244,201920,NULL,NULL
26643415,201920,NULL,NULL
26643390,201920,NULL,NULL
4517753,201819,NULL,NULL
Conc. so,201819,NULL,NULL
26643303,201920,NULL,NULL
2983737,201819,NULL,NULL
26643319,201920,NULL,NULL
4145752,201819,NULL,NULL
imatinib 400 mg capsule -,201819,NULL,NULL
26643043,201920,NULL,NULL
26643373,201920,NULL,NULL
chemo VINORELBINE PO/CARB D8,201819,NULL,NULL
372471013,201920,NULL,NULL
3740262,201819,NULL,NULL
26643276,201920,NULL,NULL
x Prefilled syringe,201819,NULL,NULL
4464243,201819,NULL,NULL
26643152,201920,NULL,NULL
26643292,201920,NULL,NULL
2141136,201819,NULL,NULL
melphalan 2mg tablets,201819,NULL,NULL
2555490,201819,NULL,NULL
26643305,201920,NULL,NULL
26643295,201920,NULL,NULL
4159679,201819,NULL,NULL
34206131,201920,NULL,NULL
26643467,201920,NULL,NULL
26643046,201920,NULL,NULL
18 Unit,201819,NULL,NULL
ibrutinib $,201819,NULL,NULL
47625009,201920,NULL,NULL
chemo ChlVPP Day 8,201819,NULL,NULL
3218892,201819,NULL,NULL
3214521,201819,NULL,NULL
Prefille,201819,NULL,NULL
3478654,201819,NULL,NULL
chemo RITUXIMAB (ITP/AIHA)WKLY,201819,NULL,NULL
26643234,201920,NULL,NULL
3668975,201819,NULL,NULL
chemo CAPECITABINE High dose,201819,NULL,NULL
bladder instillation,201819,NULL,NULL
METHOTREXATE TABLETS 2.5mg,201819,NULL,NULL
01-Feb,201819,NULL,NULL
2855704,201819,NULL,NULL
34206169,201920,NULL,NULL
22,201819,NULL,NULL
23,201819,NULL,NULL
2843741,201819,NULL,NULL
trifluridine/tipiracil 20/8.19,201819,NULL,NULL
3924450,201819,NULL,NULL
3896203,201819,NULL,NULL
7 Capsules,201819,NULL,NULL
428641000,201920,NULL,NULL
3363683,201819,NULL,NULL
54471007,201920,NULL,NULL
chemo DOCETAXEL prostate,201819,NULL,NULL
4282465,201819,NULL,NULL
26643391,201920,NULL,NULL
3208704,201819,NULL,NULL
chemo RITUX (SC) Maint 3 Mthly,201819,NULL,NULL
3909138,201819,NULL,NULL
azacitidine,201819,NULL,NULL
26643290,201920,NULL,NULL
26643047,201920,NULL,NULL
7 Unit,201819,NULL,NULL
4121188,201819,NULL,NULL
26643011,201920,NULL,NULL
4424351,201819,NULL,NULL
26643423,201920,NULL,NULL
4362787,201819,NULL,NULL
26643201,201920,NULL,NULL
26643160,201920,NULL,NULL
3012418,201920,NULL,NULL
26643268,201920,NULL,NULL
chemo FEC 75,201819,NULL,NULL
1986802,201819,NULL,NULL
34206011,201920,NULL,NULL
2597982,201819,NULL,NULL
26643402,201920,NULL,NULL
26643021,201920,NULL,NULL
4064897,201819,NULL,NULL
26643453,201920,NULL,NULL
3055162,201819,NULL,NULL
ETOPOSIDE INJECTION 100mg in 5ml,201819,NULL,NULL
4337005,201819,NULL,NULL
26643165,201920,NULL,NULL
bendamustine $[90db],201819,NULL,NULL
2609306,201819,NULL,NULL
3810059,201819,NULL,NULL
26643335,201920,NULL,NULL
34206044,201920,NULL,NULL
dexamethasone 500mcg tablets,201819,NULL,NULL
AZATHIOPRINE TABLETS 25mg,201819,NULL,NULL
26643398,201920,NULL,NULL
4608623,201819,NULL,NULL
1051051,201819,NULL,NULL
3309302,201819,NULL,NULL
26643212,201920,NULL,NULL
26643297,201920,NULL,NULL
2506138,201920,NULL,NULL
4394336,201819,NULL,NULL
3652605,201819,NULL,NULL
26643255,201920,NULL,NULL
2218671,201920,NULL,NULL
lenalidomide 10mg capsules -,201819,NULL,NULL
26643153,201920,NULL,NULL
amphotericin 50mg liposomal,201819,NULL,NULL
26643265,201920,NULL,NULL
90 Film Coated Tablets,201819,NULL,NULL
26643252,201920,NULL,NULL
12 Pre-Filled Pen,201920,NULL,NULL
4129336,201819,NULL,NULL
ibrutinib 140 mg capsule,201819,NULL,NULL
3047591,201819,NULL,NULL
imatinib  (glivec),201819,NULL,NULL
revlimid $,201819,NULL,NULL
Powder & Solvent for,201920,NULL,NULL
4131705,201819,NULL,NULL
Pre-filled Injection Pen,201819,NULL,NULL
26643179,201920,NULL,NULL
3497948,201920,NULL,NULL
3924341,201819,NULL,NULL
3.00E+16,201920,NULL,NULL
26643381,201920,NULL,NULL
26643167,201920,NULL,NULL
26643049,201920,NULL,NULL
26643219,201920,NULL,NULL
chemo PACLITAXEL/CARBO Ovarian,201819,NULL,NULL
200 mg Vial,201819,NULL,NULL
omalizumab 75mg/0.5ml syringe,201819,NULL,NULL
cyclophosphamide syringe 500,201819,NULL,NULL
3284146,201819,NULL,NULL
26643278,201920,NULL,NULL
1 BAG 250ml,201819,NULL,NULL
INTRAVENOUS,201819,NULL,NULL
2957517,201819,NULL,NULL
2504609,201920,NULL,NULL
chemo CARBOPLAT/ETOPOSIDE SCLC,201819,NULL,NULL
2174307,201819,NULL,NULL
3910632,201819,NULL,NULL
26643181,201920,NULL,NULL
2294385,201920,NULL,NULL
4362947,201819,NULL,NULL
26643388,201920,NULL,NULL
4447284,201819,NULL,NULL
4548825,201819,NULL,NULL
4132505,201819,NULL,NULL
26643284,201920,NULL,NULL
84 Tablets,201819,NULL,NULL
3449191,201819,NULL,NULL
26643279,201920,NULL,NULL
3309889,201819,NULL,NULL
3834465,201819,NULL,NULL
26643339,201920,NULL,NULL
chemo VMP sc Lite C1 Repeats 1,201819,NULL,NULL
1063489,201819,NULL,NULL
26643435,201920,NULL,NULL
26643222,201920,NULL,NULL
3957454,201819,NULL,NULL
db fluorouracil 600mg/24ml,201819,NULL,NULL
3192787,201819,NULL,NULL
4121199,201819,NULL,NULL
pertuzumab 420mg/250ml,201819,NULL,NULL
47625029,201920,NULL,NULL
26643440,201920,NULL,NULL
26643454,201920,NULL,NULL
26643020,201920,NULL,NULL
26643275,201920,NULL,NULL
26643376,201920,NULL,NULL
26643146,201920,NULL,NULL
1015746,201819,NULL,NULL
3701842,201819,NULL,NULL
4292702,201819,NULL,NULL
3228976,201819,NULL,NULL
26643446,201920,NULL,NULL
26643240,201920,NULL,NULL
3404790,201819,NULL,NULL
chemo ChlVPP Day 8 1 regimen d,201819,NULL,NULL
4530930,201819,NULL,NULL
chemo AZACITIDINE MDS,201819,NULL,NULL
3404705,201819,NULL,NULL
3779298,201819,NULL,NULL
4397312,201819,NULL,NULL
26643357,201920,NULL,NULL
PENSET,201819,NULL,NULL
3701072,201819,NULL,NULL
1658052,201819,NULL,NULL
26643226,201920,NULL,NULL
4 Pre-Filled Pen,201819,NULL,NULL
2518531,201819,NULL,NULL
26643436,201920,NULL,NULL
chemo GEMCITABINE/CISPLATIN 1,201819,NULL,NULL
4118580,201819,NULL,NULL
ICSI,201920,NULL,NULL
26643298,201920,NULL,NULL
chemo GEM/CIS D1 NSCLC,201819,NULL,NULL
26643042,201920,NULL,NULL
4087331,201819,NULL,NULL
2560299,201920,NULL,NULL
3909259,201819,NULL,NULL
procarbazine,201819,NULL,NULL
chlorambucil 2mg tablets -,201819,NULL,NULL
112 Tablet Box,201819,NULL,NULL
chemo XELOX Adjuvant,201819,NULL,NULL
3146265,201819,NULL,NULL
4135831,201819,NULL,NULL
3241032,201819,NULL,NULL
4376624,201819,NULL,NULL
1 BAG 450mg,201819,NULL,NULL
2926407,201920,NULL,NULL
34206086,201920,NULL,NULL
26643293,201920,NULL,NULL
1433641,201819,NULL,NULL
4215380,201819,NULL,NULL
fluorouracil 2.5g/50ml,201819,NULL,NULL
26643174,201920,NULL,NULL
3367562,201819,NULL,NULL
cisplatin [35db],201819,NULL,NULL
26643430,201920,NULL,NULL
31 Unit,201819,NULL,NULL
4399264,201819,NULL,NULL
34206038,201920,NULL,NULL
Injection***,201920,NULL,NULL
3110840,201920,NULL,NULL
1 BAG 200mg,201819,NULL,NULL
26643008,201920,NULL,NULL
4222650,201819,NULL,NULL
26643331,201920,NULL,NULL
2458624,201920,NULL,NULL
2980108,201819,NULL,NULL
34206343,201920,NULL,NULL
remsima $,201819,NULL,NULL
47625020,201920,NULL,NULL
47625022,201920,NULL,NULL
26643210,201920,NULL,NULL
3735592,201819,NULL,NULL
26643416,201920,NULL,NULL
1x50mg VIAL,201819,NULL,NULL
4261540,201819,NULL,NULL
Gastro-Resistant Tablets,201920,NULL,NULL
4485694,201819,NULL,NULL
2942063,201819,NULL,NULL
26643405,201920,NULL,NULL
3128347,201819,NULL,NULL
26643471,201920,NULL,NULL
34206081,201920,NULL,NULL
4640133,201819,NULL,NULL
8 Pre-Filled Pen,201819,NULL,NULL
2777534,201819,NULL,NULL
26643426,201920,NULL,NULL
3160737,201920,NULL,NULL
chemo PEMETREXED Maint NSCLC,201819,NULL,NULL
26643166,201920,NULL,NULL
15 ml Vial,201819,NULL,NULL
epirubicin 60mg/30ml syringe -,201819,NULL,NULL
34206395,201920,NULL,NULL
lenograstim 105mcg syringe -,201819,NULL,NULL
chemo BORT sc WKLY/THAL/DEX re,201819,NULL,NULL
34206298,201920,NULL,NULL
26643460,201920,NULL,NULL
26643031,201920,NULL,NULL
34206223,201920,NULL,NULL
db oxaliplatin 280mg/500ml,201819,NULL,NULL
2853605,201819,NULL,NULL
26643296,201920,NULL,NULL
4497832,201819,NULL,NULL
1546215,201819,NULL,NULL
3968272,201819,NULL,NULL
2028365,201819,NULL,NULL
CARBOPLATIN INJECTION 450mg in 45ml,201819,NULL,NULL
3909295,201819,NULL,NULL
2697429,201819,NULL,NULL
4632761,201819,NULL,NULL
2639608,201819,NULL,NULL
4065150,201819,NULL,NULL
2017532,201920,NULL,NULL
34206358,201920,NULL,NULL
26643392,201920,NULL,NULL
cisplatin [80db],201819,NULL,NULL
2579485,201920,NULL,NULL
3991152,201819,NULL,NULL
26643393,201920,NULL,NULL
octreotide 500mcg/ml  inj,201819,NULL,NULL
3128433,201819,NULL,NULL
chemo XELOX Adjuvant 1 regimen,201819,NULL,NULL
DISPERSIBLE TABLETS,201819,NULL,NULL
chemo VINORELBINE PO/CARBO D1,201819,NULL,NULL
34206333,201920,NULL,NULL
26643329,201920,NULL,NULL
3322738,201819,NULL,NULL
3208371,201819,NULL,NULL
26643206,201920,NULL,NULL
db oxaliplatin 180mg/500ml,201819,NULL,NULL
1882047,201819,NULL,NULL
4064910,201819,NULL,NULL
1508937,201819,NULL,NULL
vinorelbine 30mg capsules -,201819,NULL,NULL
Oral Liquid,201819,NULL,NULL
4244226,201819,NULL,NULL
gemcitabine [1250db],201819,NULL,NULL
34206354,201920,NULL,NULL
521.89,201819,NULL,NULL
26643359,201920,NULL,NULL
2149199,201920,NULL,NULL
3724188,201819,NULL,NULL
26643369,201920,NULL,NULL
pembrolizumab $,201819,NULL,NULL
3055917,201819,NULL,NULL
trifluridine/tipiraci $20/8.19,201819,NULL,NULL
3704966,201819,NULL,NULL
26643187,201920,NULL,NULL
3116785,201819,NULL,NULL
47625027,201920,NULL,NULL
4203941,201819,NULL,NULL
34206095,201920,NULL,NULL
26643033,201920,NULL,NULL
26643417,201920,NULL,NULL
chemo GEM/CIS NSCLC D8 1 regim,201819,NULL,NULL
3054166,201920,NULL,NULL
34206065,201920,NULL,NULL
26643377,201920,NULL,NULL
lamivudine,201819,NULL,NULL
3806500,201819,NULL,NULL
26643289,201920,NULL,NULL
3929013,201819,NULL,NULL
26643442,201920,NULL,NULL
4309588,201819,NULL,NULL
2964081,201819,NULL,NULL
db docetaxel 108 mg/250 ml inf,201819,NULL,NULL
26643024,201920,NULL,NULL
26643380,201920,NULL,NULL
3168940,201819,NULL,NULL
obinutuzumab 25 mg/ml injectio,201819,NULL,NULL
2167707,201920,NULL,NULL
4603386,201819,NULL,NULL
26643241,201920,NULL,NULL
4351481,201819,NULL,NULL
trastuzumab [6bd] (ontruzant),201819,NULL,NULL
26643250,201920,NULL,NULL
1ml,201819,NULL,NULL
3276756,201819,NULL,NULL
valganciclovir 250mg/5ml,201819,NULL,NULL
chemo CABAZITAXEL,201819,NULL,NULL
3961897,201819,NULL,NULL
26643009,201920,NULL,NULL
26643461,201920,NULL,NULL
2468135,201920,NULL,NULL
26643224,201920,NULL,NULL
26643264,201920,NULL,NULL
3574681,201819,NULL,NULL
47625028,201920,NULL,NULL
3398821,201819,NULL,NULL
34206060,201920,NULL,NULL
26643221,201920,NULL,NULL
3239240,201819,NULL,NULL
26643462,201920,NULL,NULL
3259138,201819,NULL,NULL
2909413,201819,NULL,NULL
4657190,201819,NULL,NULL
150 Capsules,201819,NULL,NULL
3909020,201819,NULL,NULL
TAB,201920,NULL,NULL
3909054,201819,NULL,NULL
26643211,201920,NULL,NULL
26643178,201920,NULL,NULL
34206184,201920,NULL,NULL
34206245,201920,NULL,NULL
3781858,201819,NULL,NULL
26643155,201920,NULL,NULL
60 Capsules,201819,NULL,NULL
4 Units,201920,NULL,NULL
26643192,201920,NULL,NULL
NEB,201920,NULL,NULL
26643207,201920,NULL,NULL
3093033,201819,NULL,NULL
3697445,201819,NULL,NULL
3182681,201819,NULL,NULL
4337959,201819,NULL,NULL
26643277,201920,NULL,NULL
3653948,201819,NULL,NULL
4125097,201819,NULL,NULL
26643048,201920,NULL,NULL
2714020,201819,NULL,NULL
3739495,201819,NULL,NULL
cabazitaxel $[25db],201819,NULL,NULL
3502460,201819,NULL,NULL
2667714,201920,NULL,NULL
4094285,201819,NULL,NULL
2931058,201819,NULL,NULL
34206215,201920,NULL,NULL
3726987,201819,NULL,NULL
16,201819,NULL,NULL
4146667,201819,NULL,NULL
chemo PACLITAXEL ovarian wkly,201819,NULL,NULL
3033037,201819,NULL,NULL
chemo Gemcitabine+Fractionated,201819,NULL,NULL
2964497,201920,NULL,NULL
26643340,201920,NULL,NULL
2964059,201819,NULL,NULL
pemetrexed [500] 25 mg/ml inje,201819,NULL,NULL
4525946,201819,NULL,NULL
3360494,201819,NULL,NULL
34206016,201920,NULL,NULL
db irinotecan 360 mg/250 ml,201819,NULL,NULL
26643217,201920,NULL,NULL
giotrif $,201819,NULL,NULL
3142440,201819,NULL,NULL
2863373,201819,NULL,NULL
26643358,201920,NULL,NULL
3809640,201819,NULL,NULL
47625026,201920,NULL,NULL
26643439,201920,NULL,NULL
3449203,201920,NULL,NULL
4199082,201819,NULL,NULL
34206163,201920,NULL,NULL
"db fluorouracil infusor 3,950",201819,NULL,NULL
2422526,201920,NULL,NULL
120 Capsules,201819,NULL,NULL
40 ml Vial,201819,NULL,NULL
chemo GEM/FRAC-CIS D1,201819,NULL,NULL
26643214,201920,NULL,NULL
26643023,201920,NULL,NULL
2026127,201819,NULL,NULL
4562730,201819,NULL,NULL
26643397,201920,NULL,NULL
cabazitaxel [25] 10 mg/ml inje,201819,NULL,NULL
3529271,201819,NULL,NULL
26643158,201920,NULL,NULL
26643382,201920,NULL,NULL
34206210,201920,NULL,NULL
3322751,201819,NULL,NULL
3615644,201819,NULL,NULL
26643406,201920,NULL,NULL
3063066,201819,NULL,NULL
34206255,201920,NULL,NULL
34206109,201920,NULL,NULL
rituximab (mabthera) sc,201819,NULL,NULL
26643200,201920,NULL,NULL
3349038,201819,NULL,NULL
47625023,201920,NULL,NULL
chemo TRASTUZUMAB EMTANSINEC2+,201819,NULL,NULL
ixazomib,201819,NULL,NULL
4248434,201819,NULL,NULL
3691419,201819,NULL,NULL
400MG,201920,NULL,NULL
chemo CISPLATIN/ETOPOSIDE SCLC,201819,NULL,NULL
3430426,201819,NULL,NULL
etoposide [120],201819,NULL,NULL
34206222,201920,NULL,NULL
3571585,201819,NULL,NULL
26643176,201920,NULL,NULL
34206204,201920,NULL,NULL
2912116,201819,NULL,NULL
4037863,201819,NULL,NULL
1874727,201819,NULL,NULL
DRUG DELIVERED INTRAVENOUSLY,201819,NULL,NULL
26643322,201920,NULL,NULL
chemo CARBOPLATIN/ETOPOSIDE 1,201819,NULL,NULL
2983699,201819,NULL,NULL
4256987,201819,NULL,NULL
34206063,201920,NULL,NULL
3909371,201819,NULL,NULL
26643323,201920,NULL,NULL
26643362,201920,NULL,NULL
26643341,201920,NULL,NULL
rituximab $ truxima[500db],201819,NULL,NULL
3914709,201819,NULL,NULL
docetaxel [75db] prostate,201819,NULL,NULL
34206230,201920,NULL,NULL
34206133,201920,NULL,NULL
atezolizumab $,201819,NULL,NULL
26643464,201920,NULL,NULL
47625014,201920,NULL,NULL
3532667,201819,NULL,NULL
26643394,201920,NULL,NULL
chemo GEM/CIS D8 NSCLC,201819,NULL,NULL
3732724,201819,NULL,NULL
26643027,201920,NULL,NULL
3519381,201819,NULL,NULL
immunoglobulin human normal,201819,NULL,NULL
chemo VMP sc Lite Cycle 2+,201819,NULL,NULL
3387917,201819,NULL,NULL
3128019,201819,NULL,NULL
26643438,201920,NULL,NULL
3276767,201819,NULL,NULL
4616378,201819,NULL,NULL
47625024,201920,NULL,NULL
67 Capsules,201819,NULL,NULL
3108546,201819,NULL,NULL
180 Tablets,201819,NULL,NULL
3481296,201819,NULL,NULL
thalidomide 50mg capsules,201819,NULL,NULL
47625015,201920,NULL,NULL
pemetrexed $[500db],201819,NULL,NULL
4462748,201819,NULL,NULL
26643367,201920,NULL,NULL
2 Injection,201920,NULL,NULL
26643317,201920,NULL,NULL
26643189,201920,NULL,NULL
fluorouracil INFUSOR,201819,NULL,NULL
26643372,201920,NULL,NULL
4258584,201819,NULL,NULL
2520108,201819,NULL,NULL
2825584,201920,NULL,NULL
100mg,201920,NULL,NULL
26643288,201920,NULL,NULL
4006816,201819,NULL,NULL
SURETY LOCK SYRINGE,201819,NULL,NULL
26643019,201920,NULL,NULL
4158437,201819,NULL,NULL
60,201819,NULL,NULL
4446730,201819,NULL,NULL
"db gemcitabine 2,000 mg/200 ml",201819,NULL,NULL
chemo FEC 100,201819,NULL,NULL
26643447,201920,NULL,NULL
2 x 30 Capsule Pack,201819,NULL,NULL
3480600,201819,NULL,NULL
4014350,201819,NULL,NULL
2769738,201920,NULL,NULL
valganciclovir oral liquid,201819,NULL,NULL
4218668,201819,NULL,NULL
3808057,201819,NULL,NULL
26643287,201920,NULL,NULL
2197989,201920,NULL,NULL
3129387,201819,NULL,NULL
34206148,201920,NULL,NULL
2803058,201920,NULL,NULL
372471010,201920,NULL,NULL
chemo BORTscWK/THAL/DE repeats,201819,NULL,NULL
3857342,201819,NULL,NULL
47625019,201920,NULL,NULL
db doxorubicin syringe,201819,NULL,NULL
3722350,201819,NULL,NULL
1 VIAL 240mg in 24ml,201819,NULL,NULL
3848263,201819,NULL,NULL
26643154,201920,NULL,NULL
26643370,201920,NULL,NULL
3164420,201920,NULL,NULL
26643256,201920,NULL,NULL
1 Injection Pack,201819,NULL,NULL
26643202,201920,NULL,NULL
34206151,201920,NULL,NULL
ETOPOSIDE CAPSULES 50mg,201819,NULL,NULL
Oral Solution,201819,NULL,NULL
db fluorouracil infusor 4450mg,201819,NULL,NULL
4248777,201819,NULL,NULL
3791441,201819,NULL,NULL
2442874,201819,NULL,NULL
26643050,201920,NULL,NULL
irinotecan [180] 20 mg/ml inje,201819,NULL,NULL
2243968,201920,NULL,NULL
pembrolizumab 200 mg/50 ml inf,201819,NULL,NULL
3128833,201819,NULL,NULL
26643205,201920,NULL,NULL
3219718,201819,NULL,NULL
2566793,201920,NULL,NULL
1139604,201819,NULL,NULL
bevacizumab $[7.5db]  iv,201819,NULL,NULL
4006784,201819,NULL,NULL
372452007,201920,NULL,NULL
26643333,201920,NULL,NULL
2331572,201819,NULL,NULL
2964102,201819,NULL,NULL
infliximab 700mg/500ml,201819,NULL,NULL
26643223,201920,NULL,NULL
26643374,201920,NULL,NULL
4563297,201819,NULL,NULL
26643025,201920,NULL,NULL
4 Injection Pen,201920,NULL,NULL
26643356,201920,NULL,NULL
2773726,201819,NULL,NULL
3040980,201819,NULL,NULL
26643337,201920,NULL,NULL
2022655,201819,NULL,NULL
db carboplatin 360mg/500ml,201819,NULL,NULL
3309831,201819,NULL,NULL
26643403,201920,NULL,NULL
1605109,201819,NULL,NULL
4555139,201819,NULL,NULL
lenalidomide 25mg capsules -,201819,NULL,NULL
26643259,201920,NULL,NULL
5 Unit,201819,NULL,NULL
4436206,201819,NULL,NULL
2647489,201819,NULL,NULL
4416130,201819,NULL,NULL
34206035,201920,NULL,NULL
2793932,201819,NULL,NULL
3424425,201819,NULL,NULL
2081259,201920,NULL,NULL
26643320,201920,NULL,NULL
26643215,201920,NULL,NULL
4594650,201819,NULL,NULL
3907002,201819,NULL,NULL
34206072,201920,NULL,NULL
3146292,201819,NULL,NULL
47625013,201920,NULL,NULL
26643203,201920,NULL,NULL
2859513,201920,NULL,NULL
26643273,201920,NULL,NULL
26643294,201920,NULL,NULL
1 BAG 400mg,201819,NULL,NULL
3020267,201920,NULL,NULL
4014378,201819,NULL,NULL
3961883,201819,NULL,NULL
irinotecan [180db],201819,NULL,NULL
3507902,201819,NULL,NULL
jakavi $,201819,NULL,NULL
3691456,201819,NULL,NULL
26643044,201920,NULL,NULL
4661451,201819,NULL,NULL
26643441,201920,NULL,NULL
4431713,201819,NULL,NULL
1 BAG 1200mg,201819,NULL,NULL
Intravenous Injection,201819,NULL,NULL
4338846,201819,NULL,NULL
4041168,201819,NULL,NULL
500UNITS SYRINGE,201920,NULL,NULL
4349626,201819,NULL,NULL
4446762,201819,NULL,NULL
hydroxycarbamide,201819,NULL,NULL
3496794,201819,NULL,NULL
3647889,201819,NULL,NULL
4289306,201819,NULL,NULL
34206246,201920,NULL,NULL
4512695,201819,NULL,NULL
26643444,201920,NULL,NULL
26643218,201920,NULL,NULL
26643378,201920,NULL,NULL
26643228,201920,NULL,NULL
26643324,201920,NULL,NULL
34206017,201920,NULL,NULL
2079395,201819,NULL,NULL
3652580,201819,NULL,NULL
1881887,201819,NULL,NULL
1127147,201819,NULL,NULL
pertuz/trastuz IV/docet maint,201819,NULL,NULL
26643169,201920,NULL,NULL
26643314,201920,NULL,NULL
2423040,201920,NULL,NULL
3415252,201819,NULL,NULL
34206108,201920,NULL,NULL
ml,201819,NULL,NULL
poractant alfa 240mg/3ml,201819,NULL,NULL
cisplatin [75db],201819,NULL,NULL
26643413,201920,NULL,NULL
26643159,201920,NULL,NULL
34206067,201920,NULL,NULL
26643354,201920,NULL,NULL
3792500,201819,NULL,NULL
3430466,201819,NULL,NULL
28 Tablets,201819,NULL,NULL
34206216,201920,NULL,NULL
4178866,201819,NULL,NULL
3367553,201819,NULL,NULL
cyclophosphamide syringe 200,201819,NULL,NULL
trifluridine/tipiracil 15/6.14,201819,NULL,NULL
4554100,201819,NULL,NULL
34206237,201920,NULL,NULL
3915989,201819,NULL,NULL
3784689,201819,NULL,NULL
26643175,201920,NULL,NULL
26643469,201920,NULL,NULL
4223589,201819,NULL,NULL
1 Intravenous Infusion,201819,NULL,NULL
26643419,201920,NULL,NULL
26643157,201920,NULL,NULL
4358468,201819,NULL,NULL
epirubicin 50mg/25ml syringe,201819,NULL,NULL
26643213,201920,NULL,NULL
26643332,201920,NULL,NULL
Chewable Tablet,201819,NULL,NULL
10 Units,201819,NULL,NULL
chemo TRASTUZUMAB EMTANSINE 2+,201819,NULL,NULL
42 Capsule Container,201819,NULL,NULL
NEW,201819,NULL,NULL
2859711,201819,NULL,NULL
chemo VINORELBINE PO/CARBO D8,201819,NULL,NULL
4160024,201819,NULL,NULL
